{
    "timestamp": "2025-12-16T05:16:44.292193",
    "execution_time": 1.989656399935484,
    "avg_cpu_percent": 42.59473684210526,
    "peak_memory_mb": 18.35546875,
    "hotspots": [
        {
            "function": "examples/slow_script.py:<module>",
            "calls": 1,
            "total_time": 1.8984805000945926
        }
    ]
}