{
    "timestamp": "2025-12-16T07:24:17.436617",
    "execution_time": 1.4398473002947867,
    "avg_cpu_percent": 26.864285714285717,
    "peak_memory_mb": 18.98046875,
    "hotspots": [
        {
            "function": "examples/slow_script.py:<module>",
            "calls": 1,
            "total_time": 1.4102263003587723
        }
    ]
}