{
    "timestamp": "2025-12-16T07:24:08.309904",
    "execution_time": 1.4394816998392344,
    "avg_cpu_percent": 26.707142857142856,
    "peak_memory_mb": 18.90234375,
    "hotspots": [
        {
            "function": "examples/slow_script.py:<module>",
            "calls": 1,
            "total_time": 1.4066262003034353
        }
    ]
}