{
    "timestamp": "2025-12-16T05:41:46.465927",
    "execution_time": 1.9988196999765933,
    "avg_cpu_percent": 41.72631578947368,
    "peak_memory_mb": 18.6796875,
    "hotspots": [
        {
            "function": "examples/slow_script.py:<module>",
            "calls": 1,
            "total_time": 1.8887943997979164
        }
    ]
}