{
    "timestamp": "2025-12-16T05:36:58.609218",
    "execution_time": 1.9409690001048148,
    "avg_cpu_percent": 34.83888888888889,
    "peak_memory_mb": 18.8671875,
    "hotspots": [
        {
            "function": "examples/slow_script.py:<module>",
            "calls": 1,
            "total_time": 1.8310756999999285
        }
    ]
}