{
    "timestamp": "2025-12-16T05:44:31.266461",
    "execution_time": 1.760967000387609,
    "avg_cpu_percent": 40.188235294117646,
    "peak_memory_mb": 18.44140625,
    "hotspots": [
        {
            "function": "examples/slow_script.py:<module>",
            "calls": 1,
            "total_time": 1.7448609001003206
        }
    ]
}