{
    "timestamp": "2025-12-16T05:39:28.638364",
    "execution_time": 1.8876932999119163,
    "avg_cpu_percent": 39.900000000000006,
    "peak_memory_mb": 18.7265625,
    "hotspots": [
        {
            "function": "examples/slow_script.py:<module>",
            "calls": 1,
            "total_time": 1.7854651999659836
        }
    ]
}