{
    "timestamp": "2025-12-16T07:24:13.476142",
    "execution_time": 1.4329474000260234,
    "avg_cpu_percent": 28.264285714285712,
    "peak_memory_mb": 18.91015625,
    "hotspots": [
        {
            "function": "examples/slow_script.py:<module>",
            "calls": 1,
            "total_time": 1.4154352000914514
        }
    ]
}