{
    "timestamp": "2025-12-16T05:31:51.410728",
    "execution_time": 1.761682900134474,
    "avg_cpu_percent": 39.241176470588236,
    "peak_memory_mb": 18.6796875,
    "hotspots": [
        {
            "function": "examples/slow_script.py:<module>",
            "calls": 1,
            "total_time": 1.7338833003304899
        }
    ]
}